{
    "projection_matrix": [
        [
            0.676389469512645,
            -0.04812220640676592,
            300.73954706928106
        ],
        [
            0.053551463604553116,
            0.571277850578293,
            290.90251508647384
        ],
        [
            2.0854977965430304e-05,
            -2.441139197366136e-05,
            0.9022225086187594
        ]
    ],
    "poolFocus_matrix": [
        [
            2.1062079522301302,
            0.5875392493170509,
            -1071.898360289125
        ],
        [
            0.15272578899513184,
            2.94120309774496,
            -845.8545391152967
        ],
        [
            9.033709732001148e-05,
            0.000707715848109773,
            1.0
        ]
    ],
    "detected_coords": [
        [
            511,
            378
        ],
        [
            474,
            625
        ],
        [
            1283,
            338
        ],
        [
            1394,
            592
        ]
    ],
    "pool_coords": [
        [
            435,
            265
        ],
        [
            264,
            878
        ],
        [
            1629,
            203
        ],
        [
            1882,
            837
        ]
    ],
    "screen_coords": [
        [
            0,
            0
        ],
        [
            0,
            1080
        ],
        [
            1920,
            0
        ],
        [
            1920,
            1080
        ]
    ]
}