{"projection_matrix": [[0.7071009945432806, -0.054444621044937316, 336.97127152649887], [0.058763155151077405, 0.6139631790816436, 305.8903843616125], [1.9056289542002687e-05, -1.4212405112815197e-05, 0.9550078055766925]], "poolFocus_matrix": [[2.0846429034982457, 0.6171640174830335, -1084.1926016463606], [0.10576149426984725, 2.9195091557746133, -797.2719564898879], [7.671150296009032e-05, 0.0007002274823575374, 1.0]], "detected_coords": [[473, 306], [420, 604], [1451, 215], [1554, 513]], "pool_coords": [[444, 257], [264, 865], [1631, 214], [1869, 848]], "screen_coords": [[0, 0], [0, 1080], [1920, 0], [1920, 1080]]}