{
    "projection_matrix": [
        [
            0.6585234872698865,
            -0.04368250740198964,
            332.552852128832
        ],
        [
            0.04060318794949768,
            0.5511283703903942,
            294.8857325557475
        ],
        [
            2.2608567481103003e-05,
            -2.601504555512808e-05,
            0.8774291754634876
        ]
    ],
    "poolFocus_matrix": [
        [
            1.9533271193384008,
            0.591432924840596,
            -1057.8752925866365
        ],
        [
            0.028278593467182103,
            2.8090069510734073,
            -695.8230708534792
        ],
        [
            3.216950604000009e-05,
            0.0006735616916995812,
            1.0
        ]
    ],
    "detected_coords": [
        [
            504,
            354
        ],
        [
            455,
            600
        ],
        [
            1279,
            357
        ],
        [
            1376,
            616
        ]
    ],
    "pool_coords": [
        [
            468,
            243
        ],
        [
            283,
            854
        ],
        [
            1660,
            231
        ],
        [
            1893,
            859
        ]
    ],
    "screen_coords": [
        [
            0,
            0
        ],
        [
            0,
            1080
        ],
        [
            1920,
            0
        ],
        [
            1920,
            1080
        ]
    ]
}