{
    "projection_matrix": [
        [
            0.6187455291670426,
            -0.01190710946831297,
            262.60148872865716
        ],
        [
            -0.004129466546605448,
            0.5533125485746211,
            327.2262529530029
        ],
        [
            -1.7935911747066985e-05,
            3.992461347873951e-06,
            0.9075140903309109
        ]
    ],
    "poolFocus_matrix": [
        [
            2.2517733811502088,
            0.45381229370589654,
            -1208.1823085222852
        ],
        [
            0.10813183745948572,
            2.9423242087660055,
            -718.0580033737247
        ],
        [
            7.05858752908729e-05,
            0.0005108969583799195,
            1.0
        ]
    ],
    "detected_coords": [
        [
            600,
            315
        ],
        [
            572,
            546
        ],
        [
            1272,
            324
        ],
        [
            1355,
            559
        ]
    ],
    "pool_coords": [
        [
            491,
            226
        ],
        [
            386,
            747
        ],
        [
            1525,
            188
        ],
        [
            1660,
            730
        ]
    ],
    "screen_coords": [
        [
            0,
            0
        ],
        [
            0,
            1080
        ],
        [
            1920,
            0
        ],
        [
            1920,
            1080
        ]
    ],
    "projected_coords": [
        [
            450,
            500
        ],
        [
            450,
            800
        ],
        [
            1300,
            550
        ],
        [
            1350,
            850
        ]
    ],
    "camera_distortion": [
        [ 9.84936576e-01,
         -3.66695373e-03,
         -2.30536946e+00
        ],
        [ 
            4.03649320e-03,  
            9.86309813e-01,  
            1.12314735e+01
        ],
        [
            -1.58822878e-06,  
            7.31531798e-07,  
            1.00000000e+00
        ]
    ],
    "outpts": [
        [
            -661.0,
            -167.0
        ],
        [
            -678.0,
            479.0
        ],
        [
            690.0,
            -158.0
        ],
        [
            664.0,
            507.0
        ]
    ]
}