{"projection_matrix": [[0.7218687488743932, -0.05386440355204934, 349.5407732015903], [0.02467052369307829, 0.6233572902798163, 313.3083323097666], [3.011343158479557e-07, -3.457596039227993e-05, 1.0260998048783467]], "poolFocus_matrix": [[1.4152320938322274, -0.10665517228880543, -331.4719691075743], [0.024165400383426926, 1.4664004323579514, -137.79990040462152], [-6.02846468377897e-06, -7.718358676227493e-05, 1.0]], "detected_coords": [[299, 81], [362, 572], [1409, 21], [1402, 516]], "pool_coords": [[241, 90], [293, 780], [1576, 68], [1556, 755]], "screen_coords": [[0, 0], [0, 1080], [1920, 0], [1920, 1080]]}